Keywords,Ranking Url
algoritmos geneticos,https://es.wikipedia.org/wiki/Algoritmo_gen%C3%A9tico
procesamiento de lenguaje natural,https://es.wikipedia.org/wiki/Procesamiento_de_lenguajes_naturales
redes neuronales,https://es.wikipedia.org/wiki/Red_neuronal_artificial
vision por computador,https://es.wikipedia.org/wiki/Visi%C3%B3n_por_computador
aprendizaje profundo,https://es.wikipedia.org/wiki/Aprendizaje_profundo
machine learning,https://es.wikipedia.org/wiki/Aprendizaje_autom%C3%A1tico
robotica,https://es.wikipedia.org/wiki/Rob%C3%B3tica
big data,https://es.wikipedia.org/wiki/Big_data
sistemas expertos,https://es.wikipedia.org/wiki/Sistema_experto
inteligencia artificial,https://es.wikipedia.org/wiki/Inteligencia_artificial
