Keywords,Titulo,Articulo,Descripcion,Categorias,SLUG
inteligencia artificial,Inteligencia artificial en Wikipedia: historia y evolución,"<p>Wikipedia, la enciclopedia libre más grande del mundo, ha evolucionado gracias a la colaboración humana y, en los últimos años, al apoyo de la <strong>inteligencia artificial</strong>. Desde sus inicios en 2001, el proyecto ha buscado formas de mejorar la calidad y eficiencia de sus contenidos, y la <strong>inteligencia artificial</strong> ha sido una herramienta clave en este proceso. Aunque la esencia de Wikipedia sigue siendo la participación comunitaria, la tecnología ha permitido automatizar tareas repetitivas y detectar errores con mayor rapidez.  </p>
<p>La relación entre Wikipedia y la <strong>inteligencia artificial</strong> no es nueva. Desde hace más de una década, los bots (programas automatizados) han ayudado a corregir ortografía, revertir vandalismos y mantener la coherencia en los artículos. Sin embargo, con los avances recientes en machine learning y procesamiento del lenguaje natural, el papel de la <strong>inteligencia artificial</strong> se ha vuelto más sofisticado. Hoy, no solo ayuda en la moderación, sino que también sugiere ediciones, genera resúmenes e incluso contribuye a la creación de contenido bajo supervisión humana.  </p>
<h2>Los primeros pasos: bots y automatización</h2>
<p>En los primeros años de Wikipedia, la comunidad de editores se dio cuenta de que muchas tareas repetitivas podían ser automatizadas. Así nacieron los bots, programas simples pero efectivos que realizaban acciones como eliminar enlaces rotos o corregir errores tipográficos. Estos bots, aunque básicos, fueron el primer acercamiento de Wikipedia a la <strong>inteligencia artificial</strong>. Funcionaban bajo reglas predefinidas y requerían supervisión humana, pero demostraron el potencial de la automatización en un proyecto colaborativo.  </p>
<p>Con el tiempo, los bots se volvieron más avanzados. Algunos podían detectar vandalismos en tiempo real, revertir ediciones malintencionadas y hasta traducir fragmentos de texto entre idiomas. Aunque no eran <strong>inteligencia artificial</strong> en el sentido moderno, sentaron las bases para lo que vendría después. La comunidad aprendió a confiar en estas herramientas, siempre y cuando estuvieran bien programadas y auditadas.  </p>
<h2>La era del machine learning y la IA moderna</h2>
<p>El salto cualitativo llegó con el desarrollo de técnicas más avanzadas de <strong>inteligencia artificial</strong>, como el machine learning y las redes neuronales. Proyectos como ORES (Objective Revision Evaluation Service), desarrollado por la Fundación Wikimedia, utilizan algoritmos para predecir la calidad de una edición y detectar posibles problemas. Esto permite a los editores humanos enfocarse en revisiones más complejas, mientras la <strong>inteligencia artificial</strong> se encarga del filtrado inicial.  </p>
<p>Otra aplicación innovadora ha sido el uso de modelos de lenguaje como GPT para generar borradores de artículos o completar secciones faltantes. Sin embargo, Wikipedia ha sido cautelosa con esta tecnología, ya que el contenido debe ser verificable y neutral. Por eso, cualquier uso de <strong>inteligencia artificial</strong> en la creación de artículos está estrictamente regulado y requiere revisión humana. Aun así, estas herramientas han demostrado ser útiles para expandir la cobertura de temas menos populares o en idiomas con menos editores activos.  </p>
<h2>Desafíos y controversias</h2>
<p>A pesar de sus beneficios, la <strong>inteligencia artificial</strong> en Wikipedia no está exenta de desafíos. Uno de los mayores riesgos es la propagación de información errónea si los algoritmos no están bien calibrados. Por ejemplo, un modelo de lenguaje podría generar texto que parezca veraz pero contenga inexactitudes. Además, existe el temor de que la automatización reduzca la participación humana, afectando el espíritu colaborativo de Wikipedia.  </p>
<p>Otro debate importante es la transparencia. Los algoritmos de <strong>inteligencia artificial</strong> suelen ser ""cajas negras"", lo que dificulta entender cómo toman decisiones. Wikipedia, como proyecto abierto, exige que sus herramientas sean auditables y ajustables por la comunidad. Esto ha llevado a discusiones sobre cómo equilibrar la eficiencia de la IA con los valores fundamentales del proyecto.  </p>
<h2>Conclusión</h2>
<p>La <strong>inteligencia artificial</strong> ha transformado Wikipedia, permitiendo que la enciclopedia siga creciendo y mejorando sin perder su esencia colaborativa. Desde los humildes bots hasta los sofisticados modelos de lenguaje, la tecnología ha sido un aliado invaluable. Sin embargo, su implementación siempre ha sido cuidadosa, priorizando la precisión y la transparencia.  </p>
<p>El futuro de la <strong>inteligencia artificial</strong> en Wikipedia parece prometedor, pero dependerá de cómo la comunidad equilibre innovación con responsabilidad. Lo más importante es que, sin importar cuánto avance la tecnología, el corazón de Wikipedia seguirá siendo su comunidad de editores humanos, trabajando juntos para democratizar el conocimiento.</p>","Descubre la historia y evolución de la inteligencia artificial en Wikipedia, la enciclopedia libre que revolucionó el conocimiento digital.",Informática,inteligencia-artificial
machine learning,Machine Learning en Wikipedia: Enciclopedia Libre y Colaborativa,"<h2><strong>¿Qué es Wikipedia y cómo funciona?</strong></h2>
<p>Wikipedia es una de las enciclopedias más grandes y accesibles del mundo, creada de forma colaborativa por voluntarios de todo el planeta. Su modelo abierto permite que cualquier persona con conexión a internet pueda editar y mejorar sus artículos, siempre siguiendo ciertas normas de verificación y neutralidad. Este enfoque ha convertido a Wikipedia en una fuente de conocimiento invaluable, con millones de artículos en cientos de idiomas.  </p>
<p>Uno de los aspectos más interesantes de Wikipedia es su capacidad para evolucionar con el tiempo. A medida que surgen nuevas tecnologías, como el <strong>machine learning</strong>, la plataforma también se adapta para incorporar estos avances. El <strong>machine learning</strong> no solo es un tema frecuente en los artículos de Wikipedia, sino que también está siendo utilizado detrás de escenas para mejorar la calidad y la gestión del contenido.  </p>
<h2><strong>El papel del Machine Learning en Wikipedia</strong></h2>
<p>El <strong>machine learning</strong> está transformando la forma en que Wikipedia maneja su enorme volumen de información. Por ejemplo, los algoritmos de aprendizaje automático ayudan a detectar ediciones vandálicas o poco confiables, permitiendo que los editores humanos se enfoquen en correcciones más complejas. Estas herramientas analizan patrones en los cambios realizados, identificando comportamientos sospechosos con mayor rapidez que un humano podría hacerlo manualmente.  </p>
<p>Además, el <strong>machine learning</strong> también se utiliza para recomendar artículos que necesitan mejoras o para sugerir enlaces entre páginas relacionadas. Esto no solo optimiza la experiencia del usuario, sino que también contribuye a mantener la calidad y coherencia de la enciclopedia. Aunque los editores humanos siguen siendo esenciales, el <strong>machine learning</strong> actúa como un aliado poderoso en la gestión de un proyecto tan masivo como Wikipedia.  </p>
<h2><strong>Desafíos y oportunidades del Machine Learning en Wikipedia</strong></h2>
<p>A pesar de sus beneficios, el uso de <strong>machine learning</strong> en Wikipedia no está exento de desafíos. Uno de los principales problemas es el riesgo de que los algoritmos cometan errores al clasificar contenido, ya sea marcando ediciones legítimas como sospechosas o pasando por alto vandalismo sofisticado. La comunidad de Wikipedia debe trabajar en conjunto con los desarrolladores para refinar estos sistemas y garantizar que sean justos y efectivos.  </p>
<p>Por otro lado, el <strong>machine learning</strong> también abre nuevas oportunidades, como la generación automática de resúmenes o la traducción asistida de artículos a otros idiomas. Estas aplicaciones podrían ayudar a reducir la brecha de conocimiento entre diferentes regiones del mundo, haciendo que Wikipedia sea aún más accesible. Sin embargo, es crucial que estos avances se implementen con cuidado para preservar la esencia colaborativa y humana de la plataforma.  </p>
<h2><strong>Conclusión</strong></h2>
<p>Wikipedia sigue siendo un ejemplo extraordinario de cómo el conocimiento puede ser construido y compartido de manera colectiva. El <strong>machine learning</strong> está jugando un papel cada vez más importante en este ecosistema, mejorando la eficiencia y la calidad del contenido. Aunque los algoritmos no reemplazarán nunca el trabajo de los editores humanos, su integración inteligente puede ayudar a que Wikipedia siga creciendo y manteniendo su relevancia en la era digital.  </p>
<p>En el futuro, es probable que veamos más colaboraciones entre humanos y máquinas en Wikipedia, siempre con el objetivo de hacer del conocimiento algo más accesible, preciso y útil para todos. El <strong>machine learning</strong> no es solo un tema dentro de la enciclopedia, sino una herramienta clave para su evolución.</p>","Descubre Wikipedia: la enciclopedia libre, colaborativa y multilingüe que democratiza el conocimiento global desde 2001. ¡Conoce su impacto!",Informática,machine-learning
